﻿<?xml version="1.0" encoding="utf-8"?>
<tt xml:lang="es" xmlns="http://www.w3.org/ns/ttml">
  <body>
    <div>
      <p begin="00:00:00.27" end="00:00:02.22">Sean: Hola.<br/>Yo soy un PC,</p>
      <p begin="00:00:03.00" end="00:00:04.17">y he sido convertido en un estereotipo.</p>
      <p begin="00:00:04.18" end="00:00:06.29">Uche: Soy un PC, y yo no soy lo que ustedes llaman la cadera.</p>
      <p begin="00:00:07.00" end="00:00:09.16">Bill Gates: Yo soy un PC, y me pongo las gafas.</p>
      <p begin="00:00:09.20" end="00:00:10.05">Feng (Susan): Me pongo las gafas.</p>
      <p begin="00:00:10.15" end="00:00:11.23">Estudiante en Sudáfrica: Hola, me pongo las gafas.</p>
      <p begin="00:00:11.25" end="00:00:12.16">Chico joven: Me pongo jeans.</p>
      <p begin="00:00:12.17" end="00:00:14.00">Genetista: Y yo genes estudio.</p>
      <p begin="00:00:14.07" end="00:00:15.05">Jennifer Lee: Y los pantalones vaqueros de diseño.</p>
      <p begin="00:00:15.06" end="00:00:16.15">Edouard François: Y el diseño de edificios verdes.</p>
      <p begin="00:00:16.21" end="00:00:18.15">Estudiante francés: Yo soy un PC y estudio de la ley.</p>
      <p begin="00:00:18.18" end="00:00:19.11">Abogado: Y la práctica de la ley.</p>
      <p begin="00:00:19.14" end="00:00:20.12">Alex Poli: Y desafío a la ley.</p>
      <p begin="00:00:21.04" end="00:00:22.07">Obama Blogger: Soy un PC y blog para Obama.</p>
      <p begin="00:00:22.08" end="00:00:23.17">Benjamin Ferguson: Y yo de difusión a favor de McCain.</p>
      <p begin="00:00:23.24" end="00:00:25.02">El hombre con barba: Y yo tengo una barba.</p>
      <p begin="00:00:29.16" end="00:00:30.13">Tony Parker: Yo soy un PC y tengo tres anillos.</p>
      <p begin="00:00:31.02" end="00:00:32.17">Eva Longoria: Soy un PC y no tengo un anillo.</p>
      <p begin="00:00:32.21" end="00:00:34.23">Dave Van Ommering: Me dirijo número dos en energía.</p>
      <p begin="00:00:35.08" end="00:00:37.26">Geoff Green: Soy un PC, y quiero protegerlos.</p>
      <p begin="00:00:37.27" end="00:00:40.27">Maestro: Soy un PC y estoy conectado a más de mil millones de otras personas en todo el mundo.</p>
      <p begin="00:00:41.12" end="00:00:43.09">Bernard Harris: Roger que Houston, soy un PC.</p>
      <p begin="00:00:43.13" end="00:00:45.12">Roger: Y mi nombre es Roger. Yo soy un PC.</p>
      <p begin="00:00:45.13" end="00:00:46.06">Jasmin Santanen: Soy un PC.</p>
      <p begin="00:00:46.07" end="00:00:46.28">Estudiante: Yo soy PC.</p>
      <p begin="00:00:47.00" end="00:00:48.16">Pharrel: Sí, yo soy un PC, también.</p>
      <p begin="00:00:48.19" end="00:00:50.27">Deepak Chopra: Yo soy un PC y un ser humano.</p>
      <p begin="00:00:51.02" end="00:00:53.21">No es un hacer humano, no un pensamiento humano, ....</p>
      <p begin="00:00:54.20" end="00:00:55.25">... un ser humano.</p>
      <p begin="00:00:56.08" end="00:00:57.27">Pescador: Yo soy un PC y vender pescado.</p>
    </div>
  </body>
</tt>