﻿<?xml version="1.0" encoding="utf-8"?>
<tt xml:lang="en" xmlns="http://www.w3.org/ns/ttml">
  <body>
    <div>
      <p begin="00:00:00.27" end="00:00:02.22">Sean: Hello.<br/>I’m a PC,</p>
      <p begin="00:00:03.00" end="00:00:04.17">and I’ve been made into a stereotype.</p>
      <p begin="00:00:04.18" end="00:00:06.29">Uche: I’m a PC, and I’m not what you call hip.</p>
      <p begin="00:00:07.00" end="00:00:09.16">Bill Gates: I’m a PC, and I wear glasses.</p>
      <p begin="00:00:09.20" end="00:00:10.05">Feng (Susan): I wear glasses.</p>
      <p begin="00:00:10.15" end="00:00:11.23">Female Student in South Africa: Hey, I wear glasses.</p>
      <p begin="00:00:11.25" end="00:00:12.16">Young Guy: I wear jeans.</p>
      <p begin="00:00:12.17" end="00:00:14.00">Geneticist: And I study genes.</p>
      <p begin="00:00:14.07" end="00:00:15.05">Jennifer Lee: And I design jeans.</p>
      <p begin="00:00:15.06" end="00:00:16.15">Edouard Francois: And I design green buildings.</p>
      <p begin="00:00:16.21" end="00:00:18.15">French Student: I’m a PC and I study the law.</p>
      <p begin="00:00:18.18" end="00:00:19.11">Lawyer: And I practice the law.</p>
      <p begin="00:00:19.14" end="00:00:20.12">Alex Poli: And I challenge the law.</p>
      <p begin="00:00:21.04" end="00:00:22.07">Obama Blogger: I’m a PC and I blog for Obama.</p>
      <p begin="00:00:22.08" end="00:00:23.17">Benjamin Ferguson: And I broadcast for McCain.</p>
      <p begin="00:00:23.24" end="00:00:25.02">Bearded Man: And I have a beard.</p>
      <p begin="00:00:29.16" end="00:00:30.13">Tony Parker: I’m a PC and I have three rings.</p>
      <p begin="00:00:31.02" end="00:00:32.17">Eva Longoria: I am a PC and I have one ring.</p>
      <p begin="00:00:32.21" end="00:00:34.23">Dave Van Ommering: I turn number two into energy.</p>
      <p begin="00:00:35.08" end="00:00:37.26">Geoff Green: I’m a PC, and I want to protect these.</p>
      <p begin="00:00:37.27" end="00:00:40.27">Teacher: I’m a PC and I’m connected to more than a billion others worldwide.</p>
      <p begin="00:00:41.12" end="00:00:43.09">Bernard Harris: Roger that Houston, I’m a PC.</p>
      <p begin="00:00:43.13" end="00:00:45.12">Roger: And my name is Roger. I’m a PC.</p>
      <p begin="00:00:45.13" end="00:00:46.06">Jasmin Santanen: I’m a PC.</p>
      <p begin="00:00:46.07" end="00:00:46.28">Student: I’m PC.</p>
      <p begin="00:00:47.00" end="00:00:48.16">Pharrel: Yea, I’m a PC, too.</p>
      <p begin="00:00:48.19" end="00:00:50.27">Deepak Chopra: I’m a PC and a human being.</p>
      <p begin="00:00:51.02" end="00:00:53.21">Not a human doing, not a human thinking, ....</p>
      <p begin="00:00:54.20" end="00:00:55.25">... a human being.</p>
      <p begin="00:00:56.08" end="00:00:57.27">Fisherman: I’m a PC and I sell fish.</p>
    </div>
  </body>
</tt>